Date,Actual,Predicted,Home,Visitor,Home_Open_Odds,Visitor_Open_Odds
2017-07-06,1,0,TAM,BOS,134,-149
2017-07-06,1,0,MIN,BAL,-156,141
2017-07-06,1,1,SEA,OAK,-144,129
2017-07-06,0,0,DET,SFO,-111,101
2017-07-06,1,1,CLE,SDG,-184,164
2017-07-06,1,1,CUB,MIL,-161,141
2017-07-06,0,1,CUB,PIT,-150,135
2017-07-07,1,1,PHI,SDG,-140,125
2017-07-07,0,1,WAS,ATL,-275,240
2017-07-07,1,0,STL,NYM,-117,107
2017-07-07,0,1,ARI,CIN,-190,170
2017-07-07,1,1,SFO,MIA,-103,-107
2017-07-07,0,1,TOR,HOU,104,-114
2017-07-07,0,0,CLE,DET,-200,175
2017-07-07,1,1,TAM,BOS,111,-121
2017-07-07,0,0,TEX,LAA,-156,141
2017-07-07,1,1,MIN,BAL,105,-115
2017-07-07,1,1,SEA,OAK,-155,140
2017-07-07,1,0,NYY,MIL,-190,170
2017-07-07,0,1,COL,CWS,-156,141
2017-07-07,1,1,LOS,KAN,-200,175
2017-07-07,1,1,WAS,ATL,-204,179
2017-07-08,0,1,PHI,SDG,-131,116
2017-07-08,0,0,STL,NYM,-145,130
2017-07-08,1,1,CUB,PIT,-180,160
2017-07-08,0,1,SFO,MIA,-155,140
2017-07-08,0,1,ARI,CIN,-175,155
2017-07-08,0,1,TOR,HOU,104,-114
2017-07-08,1,0,MIN,BAL,-140,125
2017-07-08,0,0,TAM,BOS,-117,107
2017-07-08,1,0,CLE,DET,-157,142
2017-07-08,1,0,TEX,LAA,-146,131
2017-07-08,1,1,SEA,OAK,-171,151
2017-07-08,0,0,NYY,MIL,-201,176
2017-07-08,1,1,LOS,KAN,-182,162
2017-07-08,1,1,COL,CWS,-144,129
2017-07-08,0,1,CUB,PIT,-176,156
2017-07-09,0,1,WAS,ATL,-175,155
2017-07-09,1,1,PHI,SDG,-102,-108
2017-07-09,1,0,STL,NYM,-112,102
2017-07-09,1,1,SFO,MIA,112,-127
2017-07-09,0,1,ARI,CIN,-161,141
2017-07-09,0,1,TOR,HOU,-128,113
2017-07-09,0,0,TAM,BOS,-101,-109
2017-07-09,1,0,MIN,BAL,-119,109
2017-07-09,0,0,TEX,LAA,-182,162
2017-07-09,0,1,SEA,OAK,-163,143
2017-07-09,1,0,CLE,DET,-222,197
2017-07-09,0,1,NYY,MIL,-146,131
2017-07-09,0,1,COL,CWS,-144,129
2017-07-09,1,1,LOS,KAN,-301,261
2017-07-09,1,1,PIT,STL,-123,113
2017-07-14,1,1,CIN,WAS,112,-127
2017-07-14,0,0,MIA,LOS,113,-128
2017-07-14,0,1,NYM,COL,-149,134
2017-07-14,1,1,ATL,ARI,103,-113
2017-07-14,1,1,MIL,PHI,-164,144
2017-07-14,1,1,SDG,SFO,110,-125
2017-07-14,0,0,BOS,NYY,-132,117
2017-07-14,1,0,DET,TOR,-123,113
2017-07-14,0,0,HOU,MIN,-166,146
2017-07-14,1,1,CWS,SEA,143,-163
2017-07-14,0,0,KAN,TEX,-126,111
2017-07-14,0,1,OAK,CLE,137,-152
2017-07-14,1,0,LAA,TAM,100,-110
2017-07-14,0,0,BAL,CUB,-105,-105
2017-07-14,0,0,PIT,STL,-123,113
2017-07-15,0,0,MIL,PHI,-143,128
2017-07-15,1,0,CIN,WAS,155,-175
2017-07-15,0,1,MIA,LOS,140,-155
2017-07-15,0,0,ATL,ARI,-112,102
2017-07-15,1,1,NYM,COL,-113,103
2017-07-15,1,1,SDG,SFO,137,-152
2017-07-15,1,1,BOS,NYY,-175,155
2017-07-15,0,0,DET,TOR,-140,125
2017-07-15,1,0,HOU,MIN,-155,140
2017-07-15,0,0,CWS,SEA,130,-145
2017-07-15,0,0,KAN,TEX,-102,-108
2017-07-15,0,1,OAK,CLE,165,-185
2017-07-15,1,0,LAA,TAM,-107,-103
2017-07-15,0,1,BAL,CUB,121,-136
2017-07-15,0,0,CIN,WAS,107,-117
2017-07-16,0,1,MIA,LOS,150,-170
2017-07-16,0,0,NYM,COL,-134,119
2017-07-16,0,0,ATL,ARI,-109,-101
2017-07-16,1,1,PIT,STL,118,-133
2017-07-16,1,0,MIL,PHI,-164,144
2017-07-16,0,0,SDG,SFO,107,-117
2017-07-16,1,1,DET,TOR,-103,-107
2017-07-16,1,0,HOU,MIN,-185,165
2017-07-16,1,1,CWS,SEA,118,-133
2017-07-16,0,0,KAN,TEX,105,-115
2017-07-16,1,1,LAA,TAM,126,-141
2017-07-16,1,1,OAK,CLE,102,-112
2017-07-16,1,1,BOS,NYY,-144,129
2017-07-16,1,1,BAL,CUB,129,-144
2017-07-16,0,0,BOS,NYY,-150,135
2017-07-16,0,1,CIN,WAS,127,-142
2017-07-17,0,1,PIT,MIL,-120,110
2017-07-17,1,0,NYM,STL,-118,108
2017-07-17,0,1,MIA,PHI,-150,135
2017-07-17,1,1,ATL,CUB,132,-147
2017-07-17,0,0,COL,SDG,-167,147
2017-07-17,1,1,BAL,TEX,-111,101
2017-07-17,1,1,BOS,TOR,-130,115
2017-07-17,0,0,MIN,NYY,107,-117
2017-07-17,1,1,HOU,SEA,-195,175
2017-07-17,0,1,KAN,DET,-155,140
2017-07-17,0,0,OAK,TAM,100,-110
2017-07-17,0,1,SFO,CLE,112,-122
2017-07-17,0,1,PIT,MIL,-142,127
2017-07-18,1,0,NYM,STL,107,-117
2017-07-18,0,1,MIA,PHI,-140,125
2017-07-18,0,1,CIN,ARI,113,-128
2017-07-18,0,0,ATL,CUB,116,-131
2017-07-18,0,0,COL,SDG,-160,140
2017-07-18,1,1,BAL,TEX,-120,110
2017-07-18,1,1,BOS,TOR,-125,110
2017-07-18,1,0,MIN,NYY,113,-128
2017-07-18,0,1,HOU,SEA,-191,171
2017-07-18,1,1,KAN,DET,-116,106
2017-07-18,0,0,OAK,TAM,106,-116
2017-07-18,0,1,CWS,LOS,261,-301
2017-07-18,0,0,LAA,WAS,-108,-102
2017-07-18,0,0,SFO,CLE,116,-131
2017-07-18,1,1,MIA,PHI,-190,170
2017-07-19,0,1,ATL,CUB,122,-137
2017-07-19,0,0,COL,SDG,-166,146
2017-07-19,1,1,PIT,MIL,-141,126
2017-07-19,1,0,NYM,STL,-161,141
2017-07-19,1,1,CIN,ARI,131,-146
2017-07-19,1,0,MIN,NYY,102,-112
2017-07-19,1,1,HOU,SEA,-126,111
2017-07-19,0,0,OAK,TAM,-122,112
2017-07-19,1,1,BAL,TEX,-138,123
2017-07-19,1,1,BOS,TOR,-130,115
2017-07-19,1,0,KAN,DET,106,-116
2017-07-19,1,0,SFO,CLE,176,-196
2017-07-19,1,0,CWS,LOS,150,-170
2017-07-19,0,0,LAA,WAS,112,-122
2017-07-19,1,1,NYM,STL,-107,-103
2017-07-20,1,1,PIT,MIL,-130,115
2017-07-20,1,0,CIN,ARI,112,-127
2017-07-20,0,1,LOS,ATL,-220,195
2017-07-20,0,1,SFO,SDG,-205,180
2017-07-20,0,1,BOS,TOR,-127,112
2017-07-20,0,0,BAL,TEX,106,-116
2017-07-20,1,1,KAN,DET,-108,-102
2017-07-20,1,0,SEA,NYY,102,-112
2017-07-20,0,0,CUB,STL,-149,134
2017-07-21,0,1,PHI,MIL,-135,120
2017-07-21,1,0,CIN,MIA,-113,103
2017-07-21,0,1,COL,PIT,-150,135
2017-07-21,0,0,ARI,WAS,126,-141
2017-07-21,1,0,LOS,ATL,-285,250
2017-07-21,0,1,SFO,SDG,-151,136
2017-07-21,0,0,BAL,HOU,120,-135
2017-07-21,0,0,TAM,TEX,102,-112
2017-07-21,0,1,CLE,TOR,-134,119
2017-07-21,1,0,MIN,DET,-128,113
2017-07-21,0,0,KAN,CWS,-180,160
2017-07-21,1,0,LAA,BOS,169,-189
2017-07-21,0,0,SEA,NYY,-115,105
2017-07-21,0,1,NYM,OAK,-167,147
2017-07-21,1,1,CUB,STL,-165,145
2017-07-22,1,1,SFO,SDG,-143,128
2017-07-22,1,0,PHI,MIL,105,-115
2017-07-22,0,0,CIN,MIA,-106,-104
2017-07-22,0,1,COL,PIT,-134,119
2017-07-22,1,0,ARI,WAS,-102,-108
2017-07-22,0,0,LOS,ATL,-234,209
2017-07-22,1,1,BAL,HOU,115,-130
2017-07-22,0,0,TAM,TEX,-200,175
2017-07-22,0,1,MIN,DET,-106,-104
2017-07-22,1,0,CLE,TOR,-145,130
2017-07-22,1,0,KAN,CWS,-180,160
2017-07-22,1,0,LAA,BOS,122,-137
2017-07-22,1,0,SEA,NYY,116,-131
2017-07-22,1,0,NYM,OAK,-107,-103
2017-07-22,1,1,CIN,MIA,-110,100
2017-07-23,1,1,PHI,MIL,-117,107
2017-07-23,1,0,COL,PIT,-112,102
2017-07-23,1,0,SFO,SDG,-126,111
2017-07-23,0,0,LOS,ATL,-380,325
2017-07-23,1,1,ARI,WAS,104,-114
2017-07-23,0,0,CUB,STL,-173,153
2017-07-23,1,1,TAM,TEX,-153,138
2017-07-23,0,1,CLE,TOR,-205,180
2017-07-23,1,1,BAL,HOU,130,-145
2017-07-23,1,0,MIN,DET,-104,-106
2017-07-23,0,1,KAN,CWS,-141,126
2017-07-23,1,0,LAA,BOS,114,-124
2017-07-23,1,0,SEA,NYY,-117,107
2017-07-23,0,1,NYM,OAK,-133,118
2017-07-23,0,1,STL,COL,-133,118
2017-07-24,1,0,ARI,ATL,-183,163
2017-07-24,1,1,SDG,NYM,140,-160
2017-07-24,0,0,SFO,PIT,135,-150
2017-07-24,0,0,TOR,OAK,-150,135
2017-07-24,1,1,DET,KAN,-145,130
2017-07-24,0,1,TAM,BAL,-127,112
2017-07-24,0,1,SEA,BOS,-145,130
2017-07-24,1,1,CUB,CWS,-240,210
2017-07-24,0,1,PHI,HOU,140,-155
2017-07-24,0,0,TEX,MIA,-155,140
2017-07-24,0,0,LOS,MIN,-235,205
2017-07-24,1,1,CLE,CIN,-190,170
2017-07-24,1,0,WAS,MIL,-124,114
2017-07-25,0,0,STL,COL,-137,122
2017-07-25,1,0,ARI,ATL,-140,125
2017-07-25,0,0,SDG,NYM,105,-115
2017-07-25,0,0,SFO,PIT,-125,110
2017-07-25,1,0,TOR,OAK,109,-119
2017-07-25,1,1,CLE,LAA,-173,153
2017-07-25,1,1,DET,KAN,-136,121
2017-07-25,0,0,TAM,BAL,-141,126
2017-07-25,1,1,SEA,BOS,109,-119
2017-07-25,1,1,CUB,CWS,-205,180
2017-07-25,1,1,PHI,HOU,141,-161
2017-07-25,0,0,NYY,CIN,-176,156
2017-07-25,1,0,TEX,MIA,-143,128
2017-07-25,1,0,LOS,MIN,-194,174
2017-07-25,1,1,ARI,ATL,-183,163
2017-07-26,1,1,SFO,PIT,-127,112
2017-07-26,1,0,WAS,MIL,-149,134
2017-07-26,1,0,STL,COL,-153,138
2017-07-26,1,1,SDG,NYM,112,-122
2017-07-26,1,1,TAM,BAL,-131,116
2017-07-26,1,1,SEA,BOS,184,-209
2017-07-26,0,0,TOR,OAK,-163,143
2017-07-26,1,1,CLE,LAA,-200,175
2017-07-26,1,1,DET,KAN,-113,103
2017-07-26,0,1,NYY,CIN,-225,200
2017-07-26,1,1,PHI,HOU,114,-129
2017-07-26,1,0,TEX,MIA,-173,153
2017-07-26,0,1,CWS,CUB,175,-195
2017-07-26,0,0,LOS,MIN,-200,175
2017-07-26,1,1,WAS,MIL,-225,200
2017-07-27,1,1,MIA,CIN,-143,128
2017-07-27,1,1,STL,ARI,-115,105
2017-07-27,0,0,SDG,NYM,101,-111
2017-07-27,1,1,CLE,LAA,-164,144
2017-07-27,1,0,TOR,OAK,-155,140
2017-07-27,1,1,NYY,TAM,-105,-105
2017-07-27,1,1,CWS,CUB,195,-220
2017-07-27,0,0,PHI,ATL,111,-126
2017-07-28,1,0,MIA,CIN,109,-119
2017-07-28,1,1,MIL,CUB,121,-136
2017-07-28,1,1,STL,ARI,-111,101
2017-07-28,1,0,LOS,SFO,-290,255
2017-07-28,1,1,SDG,PIT,127,-142
2017-07-28,1,0,NYY,TAM,-178,158
2017-07-28,1,1,TOR,LAA,-163,143
2017-07-28,0,0,BOS,KAN,-175,155
2017-07-28,0,1,DET,HOU,162,-182
2017-07-28,0,0,TEX,BAL,-140,125
2017-07-28,1,1,CWS,CLE,191,-216
2017-07-28,0,0,OAK,MIN,103,-113
2017-07-28,0,0,SEA,NYM,-156,141
2017-07-28,0,1,LOS,SFO,-270,235
2017-07-29,1,1,WAS,COL,-121,111
2017-07-29,0,0,PHI,ATL,-121,111
2017-07-29,1,1,MIA,CIN,-151,136
2017-07-29,1,1,MIL,CUB,141,-161
2017-07-29,0,0,STL,ARI,112,-127
2017-07-29,0,0,SDG,PIT,116,-131
2017-07-29,1,0,NYY,TAM,-121,111
2017-07-29,1,1,TOR,LAA,-140,125
2017-07-29,0,1,DET,HOU,116,-131
2017-07-29,1,0,CWS,CLE,236,-271
2017-07-29,0,0,BOS,KAN,-145,130
2017-07-29,1,1,TEX,BAL,101,-111
2017-07-29,0,1,OAK,MIN,-106,-104
2017-07-29,1,0,SEA,NYM,140,-155
2017-07-29,1,1,MIA,CIN,-126,111
2017-07-30,0,1,PHI,ATL,-111,101
2017-07-30,1,1,WAS,COL,-109,-101
2017-07-30,0,1,MIL,CUB,111,-121
2017-07-30,0,1,STL,ARI,-121,111
2017-07-30,1,1,LOS,SFO,-270,235
2017-07-30,1,0,SDG,PIT,150,-170
2017-07-30,0,0,BOS,KAN,-145,130
2017-07-30,0,1,NYY,TAM,-155,140
2017-07-30,0,0,TOR,LAA,-140,125
2017-07-30,1,1,DET,HOU,116,-131
2017-07-30,1,0,CWS,CLE,170,-190
2017-07-30,1,0,TEX,BAL,-140,125
2017-07-30,0,0,OAK,MIN,-200,175
2017-07-30,1,0,SEA,NYM,-200,175
2017-07-30,1,1,WAS,COL,105,-115
2017-07-30,1,1,PHI,ATL,-109,-101
2017-07-31,1,1,MIA,WAS,114,-124
2017-07-31,0,0,BAL,KAN,114,-129
2017-07-31,1,1,NYY,DET,-176,156
2017-07-31,1,1,BOS,CLE,120,-135
2017-07-31,1,0,TEX,SEA,-140,125
2017-07-31,0,0,HOU,TAM,-155,140
2017-07-31,1,1,CWS,TOR,140,-160
2017-07-31,1,1,OAK,SFO,-160,140
2017-07-31,1,1,PIT,CIN,-160,140
2017-08-01,0,1,MIA,WAS,175,-200
2017-08-01,1,0,ATL,LOS,174,-194
2017-08-01,0,0,MIL,STL,-101,-109
2017-08-01,1,1,CUB,ARI,-170,150
2017-08-01,1,1,COL,NYM,-150,135
2017-08-01,1,1,BAL,KAN,-105,-105
2017-08-01,1,1,NYY,DET,-180,160
2017-08-01,0,0,BOS,CLE,-147,132
2017-08-01,1,1,TEX,SEA,-160,140
2017-08-01,0,1,CWS,TOR,175,-200
2017-08-01,0,1,HOU,TAM,-129,114
2017-08-01,0,0,OAK,SFO,-121,111
2017-08-01,0,1,LAA,PHI,-109,-101
2017-08-01,1,1,SDG,MIN,-104,-106
2017-08-01,1,1,PIT,CIN,-155,140
2017-08-02,0,1,MIA,WAS,110,-125
2017-08-02,1,1,ATL,LOS,145,-165
2017-08-02,1,0,CUB,ARI,-175,155
2017-08-02,0,0,MIL,STL,-135,120
2017-08-02,0,1,COL,NYM,-165,145
2017-08-02,0,1,NYY,DET,-210,185
2017-08-02,0,1,CWS,TOR,175,-200
2017-08-02,0,1,BAL,KAN,-115,105
2017-08-02,1,0,TEX,SEA,-114,104
2017-08-02,1,1,HOU,TAM,-221,196
2017-08-02,0,1,SDG,MIN,105,-115
2017-08-02,0,0,LAA,PHI,-190,170
2017-08-02,1,1,SFO,OAK,-129,114
2017-08-02,0,0,MIL,STL,111,-121
2017-08-03,1,0,CUB,ARI,-129,114
2017-08-03,0,1,COL,NYM,-161,141
2017-08-03,1,1,PIT,CIN,-170,150
2017-08-03,1,1,ATL,LOS,215,-245
2017-08-03,0,0,BAL,DET,-138,123
2017-08-03,0,0,BOS,CWS,-240,210
2017-08-03,1,1,CLE,NYY,-131,116
2017-08-03,1,1,HOU,TAM,-161,141
2017-08-03,0,1,MIN,TEX,-130,115
2017-08-03,0,0,KAN,SEA,-121,111
2017-08-03,1,0,LAA,PHI,-145,130
2017-08-03,1,1,SFO,OAK,-131,116
2017-08-03,1,0,CUB,WAS,-150,135
2017-08-04,0,1,CIN,STL,116,-131
2017-08-04,1,1,PIT,SDG,-160,140
2017-08-04,1,1,NYM,LOS,105,-115
2017-08-04,0,1,ATL,MIA,-105,-105
2017-08-04,1,0,COL,PHI,-165,145
2017-08-04,1,1,SFO,ARI,-158,143
2017-08-04,0,0,BAL,DET,-109,-101
2017-08-04,0,0,BOS,CWS,-210,185
2017-08-04,1,1,CLE,NYY,-155,140
2017-08-04,1,0,HOU,TOR,-200,175
2017-08-04,1,1,MIN,TEX,110,-120
2017-08-04,1,0,KAN,SEA,116,-131
2017-08-04,0,0,LAA,OAK,-131,116
2017-08-04,1,1,TAM,MIL,-145,130
2017-08-04,0,1,CUB,WAS,-150,135
2017-08-05,1,1,NYM,LOS,165,-185
2017-08-05,0,0,PIT,SDG,-175,155
2017-08-05,0,1,ATL,MIA,-105,-105
2017-08-05,1,0,CIN,STL,-117,107
2017-08-05,0,1,COL,PHI,-193,173
2017-08-05,1,1,SFO,ARI,125,-140
2017-08-05,1,0,BAL,DET,-153,138
2017-08-05,1,1,BOS,CWS,-290,255
2017-08-05,1,1,HOU,TOR,-145,130
2017-08-05,0,0,CLE,NYY,-151,136
2017-08-05,0,0,MIN,TEX,125,-140
2017-08-05,0,1,LAA,OAK,-145,130
2017-08-05,0,0,TAM,MIL,-135,120
2017-08-05,0,1,CIN,STL,111,-126
2017-08-06,0,0,NYM,LOS,150,-170
2017-08-06,0,0,PIT,SDG,-175,155
2017-08-06,1,1,ATL,MIA,105,-115
2017-08-06,0,1,CUB,WAS,-200,175
2017-08-06,0,1,COL,PHI,-131,116
2017-08-06,0,0,SFO,ARI,-121,111
2017-08-06,1,1,CLE,NYY,-119,109
2017-08-06,0,1,BAL,DET,-135,120
2017-08-06,1,1,BOS,CWS,-215,190
2017-08-06,1,1,HOU,TOR,-111,101
2017-08-06,1,0,MIN,TEX,-135,120
2017-08-06,1,1,KAN,SEA,-131,116
2017-08-06,0,1,LAA,OAK,-135,120
2017-08-06,0,0,TAM,MIL,-131,116
2017-08-06,1,1,KAN,SEA,109,-119
2017-08-06,1,1,WAS,MIA,-305,265
2017-08-07,1,1,CIN,SDG,-121,111
2017-08-07,1,1,SFO,CUB,165,-185
2017-08-07,0,0,LAA,BAL,-126,111
2017-08-07,0,0,PIT,DET,-129,114
2017-08-07,1,1,MIN,MIL,-121,111
2017-08-07,1,1,KAN,STL,-111,101
2017-08-07,0,0,WAS,MIA,-144,129
2017-08-08,0,1,CIN,SDG,-146,131
2017-08-08,0,0,ATL,PHI,-160,140
2017-08-08,0,0,ARI,LOS,111,-121
2017-08-08,1,1,SFO,CUB,155,-175
2017-08-08,1,0,TOR,NYY,-109,-101
2017-08-08,1,1,TAM,BOS,175,-200
2017-08-08,0,0,CWS,HOU,210,-240
2017-08-08,1,1,OAK,SEA,-104,-106
2017-08-08,0,1,LAA,BAL,-121,111
2017-08-08,1,0,PIT,DET,-155,140
2017-08-08,1,1,NYM,TEX,-107,-103
2017-08-08,1,1,CLE,COL,-225,200
2017-08-08,1,1,MIN,MIL,-103,-107
2017-08-08,1,1,KAN,STL,-107,-103
2017-08-08,0,0,SFO,CUB,-108,-102
2017-08-09,1,1,WAS,MIA,-175,155
2017-08-09,1,1,CIN,SDG,-145,130
2017-08-09,1,0,ATL,PHI,-145,130
2017-08-09,0,0,ARI,LOS,114,-129
2017-08-09,0,1,OAK,SEA,-109,-101
2017-08-09,0,1,LAA,BAL,114,-129
2017-08-09,1,0,TOR,NYY,130,-145
2017-08-09,0,0,TAM,BOS,109,-119
2017-08-09,0,0,CWS,HOU,185,-210
2017-08-09,1,0,NYM,TEX,-116,106
2017-08-09,0,1,CLE,COL,-165,145
2017-08-09,0,1,DET,PIT,-135,120
2017-08-09,1,0,MIL,MIN,-155,140
2017-08-09,0,1,STL,KAN,-140,125
2017-08-09,1,0,CIN,SDG,-135,120
2017-08-10,1,1,WAS,MIA,-170,150
2017-08-10,1,1,PHI,NYM,140,-155
2017-08-10,0,0,ARI,LOS,140,-160
2017-08-10,0,0,TOR,NYY,125,-140
2017-08-10,1,1,TAM,CLE,125,-140
2017-08-10,1,1,CWS,HOU,175,-195
2017-08-10,1,0,OAK,BAL,-101,-109
2017-08-10,0,1,SEA,LAA,-210,185
2017-08-10,0,1,DET,PIT,135,-150
2017-08-10,0,0,STL,KAN,-140,125
2017-08-10,1,0,MIL,MIN,-165,145
2017-08-10,0,1,PHI,NYM,100,-110
2017-08-11,0,1,MIA,COL,-110,100
2017-08-11,1,1,MIL,CIN,-180,160
2017-08-11,0,1,STL,ATL,-165,145
2017-08-11,1,1,ARI,CUB,-101,-109
2017-08-11,0,1,LOS,SDG,-350,300
2017-08-11,0,1,NYY,BOS,-131,116
2017-08-11,1,1,DET,MIN,-119,109
2017-08-11,0,0,TAM,CLE,116,-131
2017-08-11,0,1,TEX,HOU,100,-110
2017-08-11,1,1,CWS,KAN,138,-153
2017-08-11,1,1,OAK,BAL,-111,101
2017-08-11,1,1,SEA,LAA,-112,102
2017-08-11,0,0,TOR,PIT,-163,143
2017-08-11,0,1,WAS,SFO,-240,210
2017-08-12,1,1,PHI,NYM,-140,125
2017-08-12,1,1,MIL,CIN,-140,125
2017-08-12,1,1,MIA,COL,112,-122
2017-08-12,1,1,STL,ATL,-230,205
2017-08-12,1,1,ARI,CUB,125,-140
2017-08-12,1,1,LOS,SDG,-240,210
2017-08-12,1,1,NYY,BOS,-156,141
2017-08-12,0,1,TAM,CLE,-140,125
2017-08-12,0,1,DET,MIN,-119,109
2017-08-12,1,1,CWS,KAN,140,-160
2017-08-12,0,0,TEX,HOU,120,-135
2017-08-12,1,1,OAK,BAL,108,-118
2017-08-12,0,0,SEA,LAA,111,-121
2017-08-12,0,0,TOR,PIT,-111,101
2017-08-12,1,1,MIA,COL,111,-121
2017-08-13,1,1,WAS,SFO,-165,145
2017-08-13,0,1,PHI,NYM,-115,105
2017-08-13,0,0,MIL,CIN,-140,125
2017-08-13,1,0,STL,ATL,-175,155
2017-08-13,0,0,ARI,CUB,-105,-105
2017-08-13,0,1,LOS,SDG,-280,245
2017-08-13,1,1,NYY,BOS,155,-175
2017-08-13,0,0,DET,MIN,111,-126
2017-08-13,0,0,TAM,CLE,175,-200
2017-08-13,0,0,CWS,KAN,125,-140
2017-08-13,0,1,TEX,HOU,125,-140
2017-08-13,0,1,OAK,BAL,116,-131
2017-08-13,1,0,SEA,LAA,-119,109
2017-08-13,0,0,TOR,PIT,-131,116
2017-08-13,1,1,WAS,SFO,-245,215
2017-08-13,1,1,MIA,SFO,-131,116
2017-08-14,1,1,CUB,CIN,-200,175
2017-08-14,1,1,COL,ATL,-149,134
2017-08-14,1,0,SDG,PHI,-109,-101
2017-08-14,1,1,TOR,TAM,114,-129
2017-08-14,1,1,TEX,DET,-116,106
2017-08-14,1,1,OAK,KAN,-111,101
2017-08-14,0,1,SEA,BAL,-101,-109
2017-08-14,0,0,NYY,NYM,-180,160
2017-08-14,1,1,ARI,HOU,-155,140
2017-08-14,1,1,BOS,CLE,-105,-105
2017-08-14,0,1,MIA,SFO,120,-135
2017-08-15,0,1,MIL,PIT,-124,114
2017-08-15,1,1,CUB,CIN,-185,165
2017-08-15,0,1,COL,ATL,-145,130
2017-08-15,0,1,SDG,PHI,-135,120
2017-08-15,1,1,TOR,TAM,-131,116
2017-08-15,0,1,TEX,DET,111,-121
2017-08-15,1,1,MIN,CLE,150,-170
2017-08-15,0,0,OAK,KAN,111,-121
2017-08-15,1,1,SEA,BAL,-110,100
2017-08-15,1,0,ARI,HOU,111,-121
2017-08-15,0,1,NYY,NYM,-145,130
2017-08-15,1,1,WAS,LAA,-140,125
2017-08-15,1,0,BOS,STL,-140,125
2017-08-15,1,1,LOS,CWS,-340,295
2017-08-15,1,1,MIA,SFO,-170,150
2017-08-16,1,1,MIL,PIT,-110,100
2017-08-16,1,1,SDG,PHI,-122,112
2017-08-16,1,1,CUB,CIN,-200,175
2017-08-16,1,1,COL,ATL,-155,140
2017-08-16,1,1,OAK,KAN,112,-127
2017-08-16,0,1,SEA,BAL,106,-116
2017-08-16,1,0,TOR,TAM,-145,130
2017-08-16,1,1,TEX,DET,-185,165
2017-08-16,1,1,WAS,LAA,-119,109
2017-08-16,0,1,NYM,NYY,130,-145
2017-08-16,0,0,BOS,STL,-135,120
2017-08-16,1,0,HOU,ARI,-145,130
2017-08-16,1,1,LOS,CWS,-350,300
2017-08-16,1,1,CUB,CIN,-210,185
2017-08-17,0,1,COL,ATL,-185,165
2017-08-17,0,1,PIT,STL,-109,-101
2017-08-17,0,1,SDG,WAS,100,-110
2017-08-17,0,1,SFO,PHI,-110,100
2017-08-17,1,1,MIN,CLE,111,-121
2017-08-17,0,0,TOR,TAM,140,-160
2017-08-17,1,0,TEX,CWS,-158,143
2017-08-17,1,1,HOU,ARI,-150,135
2017-08-17,0,0,NYM,NYY,170,-190
2017-08-17,0,0,MIN,CLE,106,-116
2017-08-17,1,1,PIT,STL,109,-119
2017-08-18,0,0,NYM,MIA,-114,104
2017-08-18,0,1,ATL,CIN,-140,125
2017-08-18,0,0,COL,MIL,-171,151
2017-08-18,1,1,SDG,WAS,175,-200
2017-08-18,0,1,SFO,PHI,-126,111
2017-08-18,1,1,BAL,LAA,-140,125
2017-08-18,1,1,TAM,SEA,-126,111
2017-08-18,0,1,BOS,NYY,-134,119
2017-08-18,1,0,TEX,CWS,-200,175
2017-08-18,0,1,HOU,OAK,-220,195
2017-08-18,1,1,KAN,CLE,175,-200
2017-08-18,0,0,CUB,TOR,-185,165
2017-08-18,1,1,DET,LOS,195,-220
2017-08-18,0,0,MIN,ARI,111,-121
2017-08-18,1,0,PIT,STL,-101,-109
2017-08-19,1,0,NYM,MIA,105,-115
2017-08-19,1,1,ATL,CIN,-140,125
2017-08-19,0,0,COL,MIL,-175,155
2017-08-19,0,0,SDG,WAS,175,-195
2017-08-19,1,0,SFO,PHI,-131,116
2017-08-19,0,1,TAM,SEA,-131,116
2017-08-19,0,1,BAL,LAA,-151,136
2017-08-19,0,1,HOU,OAK,-180,160
2017-08-19,1,1,BOS,NYY,-240,210
2017-08-19,0,1,KAN,CLE,111,-126
2017-08-19,0,1,TEX,CWS,-200,175
2017-08-19,1,1,CUB,TOR,-250,220
2017-08-19,1,1,DET,LOS,135,-150
2017-08-19,0,0,MIN,ARI,127,-142
2017-08-19,1,1,NYM,MIA,-160,140
2017-08-20,0,1,ATL,CIN,105,-115
2017-08-20,1,0,COL,MIL,-129,114
2017-08-20,0,0,SFO,PHI,-220,195
2017-08-20,0,1,SDG,WAS,120,-135
2017-08-20,0,1,PIT,STL,-115,105
2017-08-20,1,0,TAM,SEA,-121,111
2017-08-20,1,1,BOS,NYY,-103,-107
2017-08-20,1,0,BAL,LAA,101,-111
2017-08-20,0,1,HOU,OAK,-210,185
2017-08-20,0,1,KAN,CLE,135,-150
2017-08-20,1,0,TEX,CWS,-190,170
2017-08-20,0,1,DET,LOS,140,-155
2017-08-20,1,0,MIN,ARI,-115,105
2017-08-20,1,0,CUB,TOR,-200,175
2017-08-20,1,1,PIT,LOS,145,-165
2017-08-21,0,1,NYM,ARI,111,-126
2017-08-21,0,0,SFO,MIL,105,-115
2017-08-21,1,0,CWS,MIN,-145,130
2017-08-21,1,0,BAL,OAK,-160,140
2017-08-21,1,1,CLE,BOS,-135,120
2017-08-21,1,0,CWS,MIN,125,-140
2017-08-21,0,0,LAA,TEX,-115,105
2017-08-21,0,0,ATL,SEA,-109,-101
2017-08-21,0,0,PHI,MIA,-121,111
2017-08-22,0,1,PIT,LOS,109,-119
2017-08-22,0,1,PHI,MIA,116,-131
2017-08-22,0,1,NYM,ARI,131,-146
2017-08-22,0,0,CIN,CUB,141,-161
2017-08-22,0,0,STL,SDG,-210,185
2017-08-22,0,1,SFO,MIL,-104,-106
2017-08-22,0,0,BAL,OAK,-140,125
2017-08-22,0,1,CLE,BOS,-190,170
2017-08-22,0,1,DET,NYY,155,-175
2017-08-22,0,0,TAM,TOR,-161,141
2017-08-22,1,1,CWS,MIN,111,-126
2017-08-22,0,0,LAA,TEX,-131,116
2017-08-22,1,0,ATL,SEA,-106,-104
2017-08-22,1,0,HOU,WAS,-156,141
2017-08-22,0,1,KAN,COL,-116,106
2017-08-22,1,0,SFO,MIL,-126,111
2017-08-23,1,0,PIT,LOS,146,-166
2017-08-23,1,0,PHI,MIA,113,-128
2017-08-23,1,1,NYM,ARI,137,-152
2017-08-23,1,0,CIN,CUB,142,-157
2017-08-23,0,0,STL,SDG,-157,142
2017-08-23,1,1,BAL,OAK,-152,137
2017-08-23,1,1,TAM,TOR,111,-121
2017-08-23,0,0,DET,NYY,177,-202
2017-08-23,0,0,CLE,BOS,-191,171
2017-08-23,0,1,CWS,MIN,146,-166
2017-08-23,1,0,LAA,TEX,-136,121
2017-08-23,0,0,ATL,SEA,111,-121
2017-08-23,0,0,HOU,WAS,-181,161
2017-08-23,1,1,KAN,COL,-119,109
2017-08-23,1,0,NYM,ARI,135,-150
2017-08-24,0,1,PHI,MIA,114,-129
2017-08-24,0,1,PIT,LOS,140,-160
2017-08-24,0,1,CIN,CUB,155,-175
2017-08-24,1,0,STL,SDG,-230,205
2017-08-24,0,1,DET,NYY,104,-114
2017-08-24,1,1,TAM,TOR,-115,105
2017-08-24,1,0,CLE,BOS,160,-180
2017-08-24,1,0,CWS,MIN,155,-175
2017-08-24,1,0,LAA,TEX,-129,114
2017-08-24,0,0,KAN,COL,-119,109
2017-08-24,0,0,HOU,WAS,-145,130
2017-08-24,0,1,WAS,NYM,112,-127
2017-08-25,0,0,PHI,CUB,160,-180
2017-08-25,1,0,CIN,PIT,-115,105
2017-08-25,1,0,MIA,SDG,-155,140
2017-08-25,1,1,ATL,COL,-103,-107
2017-08-25,1,0,ARI,SFO,-220,195
2017-08-25,1,1,LOS,MIL,-185,165
2017-08-25,1,1,NYY,SEA,-150,135
2017-08-25,0,1,TOR,MIN,-170,150
2017-08-25,0,1,BOS,BAL,-150,135
2017-08-25,0,1,CLE,KAN,-129,114
2017-08-25,1,0,CWS,DET,135,-150
2017-08-25,1,0,OAK,TEX,-109,-101
2017-08-25,1,0,LAA,HOU,100,-110
2017-08-25,0,0,STL,TAM,-155,140
2017-08-25,0,1,WAS,NYM,-205,180
2017-08-26,1,1,PHI,CUB,170,-190
2017-08-26,0,0,CIN,PIT,-121,111
2017-08-26,0,0,ATL,COL,-121,111
2017-08-26,0,0,MIA,SDG,-106,-104
2017-08-26,1,0,ARI,SFO,102,-112
2017-08-26,1,1,LOS,MIL,-150,135
2017-08-26,0,0,NYY,SEA,-190,170
2017-08-26,1,1,TOR,MIN,-140,125
2017-08-26,1,0,BOS,BAL,-155,140
2017-08-26,0,0,OAK,TEX,108,-118
2017-08-26,1,1,CWS,DET,-140,125
2017-08-26,0,0,CLE,KAN,-145,130
2017-08-26,1,1,LAA,HOU,103,-113
2017-08-26,1,0,STL,TAM,-128,113
2017-08-26,1,1,CIN,PIT,100,-110
2017-08-27,0,0,MIA,SDG,-170,150
2017-08-27,1,0,ATL,COL,109,-119
2017-08-27,0,0,PHI,CUB,175,-200
2017-08-27,1,0,WAS,NYM,-145,130
2017-08-27,0,1,LOS,MIL,-189,169
2017-08-27,0,0,ARI,SFO,-174,154
2017-08-27,1,1,NYY,SEA,-190,170
2017-08-27,1,1,TOR,MIN,-124,114
2017-08-27,0,0,CLE,KAN,-160,140
2017-08-27,1,1,BOS,BAL,-135,120
2017-08-27,0,0,CWS,DET,-101,-109
2017-08-27,1,0,OAK,TEX,101,-111
2017-08-27,1,0,LAA,HOU,106,-116
2017-08-27,0,0,STL,TAM,-116,106
2017-08-27,0,1,WAS,NYM,-170,150
2017-08-27,1,1,PHI,ATL,-147,132
2017-08-28,1,1,WAS,MIA,-215,190
2017-08-28,1,1,CUB,PIT,-170,150
2017-08-28,1,1,SDG,SFO,-115,105
2017-08-28,0,1,NYY,CLE,-104,-106
2017-08-28,0,0,BAL,SEA,-122,112
2017-08-28,1,1,TOR,BOS,107,-117
2017-08-28,0,1,KAN,TAM,-131,116
2017-08-28,0,1,LAA,OAK,-170,150
2017-08-28,1,0,COL,DET,-165,145
2017-08-28,0,1,WAS,MIA,-144,129
2017-08-29,1,1,CIN,NYM,-141,126
2017-08-29,1,1,MIL,STL,-110,100
2017-08-29,0,0,CUB,PIT,-215,190
2017-08-29,1,1,ARI,LOS,111,-126
2017-08-29,1,1,SDG,SFO,-113,103
2017-08-29,1,1,BAL,SEA,-146,131
2017-08-29,1,1,TOR,BOS,196,-221
2017-08-29,0,0,MIN,CWS,-215,190
2017-08-29,1,1,KAN,TAM,-115,105
2017-08-29,1,0,LAA,OAK,-170,150
2017-08-29,1,0,COL,DET,-131,116
2017-08-29,1,1,HOU,TEX,-147,132
2017-08-29,0,0,PHI,ATL,-106,-104
2017-08-30,0,1,MIL,STL,113,-123
2017-08-30,1,1,WAS,MIA,-211,186
2017-08-30,1,1,CIN,NYM,-139,124
2017-08-30,0,0,CUB,PIT,-186,166
2017-08-30,1,1,SDG,SFO,-124,114
2017-08-30,1,1,ARI,LOS,102,-112
2017-08-30,1,1,NYY,CLE,-125,110
2017-08-30,0,1,BAL,SEA,-126,111
2017-08-30,1,0,TOR,BOS,-112,102
2017-08-30,0,0,MIN,CWS,-206,181
2017-08-30,1,1,HOU,TEX,-188,168
2017-08-30,0,1,KAN,TAM,-118,108
2017-08-30,0,0,LAA,OAK,-156,141
2017-08-30,1,1,COL,DET,-126,111
2017-08-30,0,1,NYY,CLE,-127,112
2017-08-30,0,1,PHI,ATL,102,-112
2017-08-30,0,1,CIN,NYM,116,-131
2017-08-31,1,0,ARI,LOS,-116,106
2017-08-31,1,1,MIA,PHI,-161,141
2017-08-31,0,1,CUB,ATL,-221,196
2017-08-31,1,1,MIL,WAS,111,-121
2017-08-31,1,1,SFO,STL,-131,116
2017-08-31,0,0,MIN,CWS,-155,140
2017-08-31,1,0,NYY,BOS,-121,111
2017-08-31,1,0,BAL,TOR,-131,116
2017-08-31,0,1,HOU,TEX,-131,116
2017-08-31,1,1,CUB,ATL,-225,200
2017-09-01,1,1,PIT,CIN,-140,125
2017-09-01,0,0,MIA,PHI,-165,145
2017-09-01,0,1,MIL,WAS,-145,130
2017-09-01,1,1,COL,ARI,-110,100
2017-09-01,0,1,SDG,LOS,205,-230
2017-09-01,0,0,SFO,STL,-101,-109
2017-09-01,0,0,BAL,TOR,-160,140
2017-09-01,1,1,NYY,BOS,-160,140
2017-09-01,0,1,DET,CLE,135,-150
2017-09-01,0,0,TEX,LAA,-115,105
2017-09-01,1,0,MIN,KAN,-133,118
2017-09-01,0,1,CWS,TAM,146,-166
2017-09-01,0,0,SEA,OAK,-115,105
2017-09-01,1,1,DET,CLE,205,-230
2017-09-01,0,0,CUB,ATL,-230,205
2017-09-02,1,1,SDG,LOS,140,-155
2017-09-02,1,1,SFO,STL,120,-135
2017-09-02,1,1,PIT,CIN,-131,116
2017-09-02,1,1,MIA,PHI,-126,111
2017-09-02,1,1,MIL,WAS,155,-175
2017-09-02,0,0,COL,ARI,-109,-101
2017-09-02,0,1,SDG,LOS,205,-230
2017-09-02,1,0,NYY,BOS,-131,116
2017-09-02,1,0,DET,CLE,230,-260
2017-09-02,0,0,BAL,TOR,-124,114
2017-09-02,0,1,CWS,TAM,150,-170
2017-09-02,1,0,MIN,KAN,-153,138
2017-09-02,1,1,TEX,LAA,-115,105
2017-09-02,0,1,SEA,OAK,-124,114
2017-09-02,1,1,HOU,NYM,-215,190
2017-09-02,1,1,HOU,NYM,-210,185
2017-09-02,1,1,MIA,PHI,-200,175
2017-09-03,0,1,PIT,CIN,-121,111
2017-09-03,1,1,MIL,WAS,-119,109
2017-09-03,1,1,COL,ARI,-111,101
2017-09-03,0,1,SFO,STL,-107,-103
2017-09-03,0,0,SDG,LOS,180,-205
2017-09-03,1,0,CUB,ATL,-260,230
2017-09-03,0,1,NYY,BOS,111,-126
2017-09-03,1,0,DET,CLE,170,-190
2017-09-03,0,0,BAL,TOR,-140,125
2017-09-03,1,1,CWS,TAM,135,-150
2017-09-03,1,0,MIN,KAN,-155,140
2017-09-03,0,0,TEX,LAA,104,-114
2017-09-03,1,1,SEA,OAK,-135,120
2017-09-03,1,1,HOU,NYM,-215,190
2017-09-03,1,1,NYM,PHI,-131,116
2017-09-04,1,0,CIN,MIL,114,-129
2017-09-04,1,1,COL,SFO,-160,140
2017-09-04,1,1,PIT,CUB,175,-200
2017-09-04,1,0,SDG,STL,140,-155
2017-09-04,0,1,MIA,WAS,-115,105
2017-09-04,0,1,LOS,ARI,-150,135
2017-09-04,0,1,DET,KAN,116,-131
2017-09-04,0,0,BAL,NYY,-131,116
2017-09-04,0,1,CWS,CLE,205,-230
2017-09-04,0,0,OAK,LAA,130,-145
2017-09-04,0,0,SEA,HOU,140,-160
2017-09-04,0,0,BOS,TOR,-165,145
2017-09-04,0,1,TAM,MIN,-129,114
2017-09-04,1,1,ATL,TEX,-114,104
2017-09-04,0,0,PIT,CUB,175,-200
2017-09-05,1,0,CIN,MIL,120,-135
2017-09-05,1,0,MIA,WAS,145,-165
2017-09-05,0,0,NYM,PHI,-200,175
2017-09-05,0,1,COL,SFO,-175,155
2017-09-05,1,1,LOS,ARI,-119,109
2017-09-05,0,1,SDG,STL,135,-150
2017-09-05,0,0,BAL,NYY,105,-115
2017-09-05,1,1,BOS,TOR,-165,145
2017-09-05,1,1,TAM,MIN,-135,120
2017-09-05,1,1,DET,KAN,130,-145
2017-09-05,1,1,CWS,CLE,210,-240
2017-09-05,0,0,OAK,LAA,130,-145
2017-09-05,0,0,SEA,HOU,145,-165
2017-09-05,0,0,CIN,MIL,-148,133
2017-09-06,1,0,PIT,CUB,119,-134
2017-09-06,0,0,MIA,WAS,114,-124
2017-09-06,0,1,NYM,PHI,-121,111
2017-09-06,1,0,COL,SFO,-143,128
2017-09-06,0,0,LOS,ARI,-153,138
2017-09-06,0,1,SDG,STL,105,-115
2017-09-06,0,1,TAM,MIN,-154,139
2017-09-06,0,1,OAK,LAA,116,-131
2017-09-06,1,0,BOS,TOR,-166,146
2017-09-06,1,1,DET,KAN,135,-150
2017-09-06,0,1,CWS,CLE,255,-290
2017-09-06,0,0,SEA,HOU,125,-140
2017-09-06,0,0,ATL,TEX,105,-115
2017-09-06,1,0,ATL,TEX,-109,-101
2017-09-06,0,0,WAS,PHI,-165,145
2017-09-07,1,0,PIT,CUB,125,-140
2017-09-07,0,0,NYM,CIN,105,-115
2017-09-07,1,0,ATL,MIA,105,-115
2017-09-07,1,1,SDG,STL,121,-136
2017-09-07,1,1,LOS,COL,-290,255
2017-09-07,0,1,CWS,CLE,230,-260
2017-09-07,0,0,KAN,MIN,102,-112
2017-09-07,0,0,BAL,NYY,-112,102
2017-09-07,0,0,CUB,MIL,-140,125
2017-09-08,0,0,WAS,PHI,-330,285
2017-09-08,1,1,NYM,CIN,-111,101
2017-09-08,1,1,ATL,MIA,101,-111
2017-09-08,0,1,STL,PIT,-177,157
2017-09-08,1,1,ARI,SDG,-250,220
2017-09-08,0,1,LOS,COL,-190,170
2017-09-08,0,1,TOR,DET,-205,180
2017-09-08,0,1,BOS,TAM,-129,114
2017-09-08,1,0,CLE,BAL,-160,140
2017-09-08,1,0,TEX,NYY,135,-150
2017-09-08,1,0,KAN,MIN,111,-126
2017-09-08,0,0,OAK,HOU,150,-170
2017-09-08,1,0,SEA,LAA,-115,105
2017-09-08,1,0,CWS,SFO,-112,102
2017-09-08,0,1,STL,PIT,-205,180
2017-09-09,1,1,CUB,MIL,-145,130
2017-09-09,0,1,WAS,PHI,-180,160
2017-09-09,0,0,ATL,MIA,106,-116
2017-09-09,1,1,NYM,CIN,111,-126
2017-09-09,1,0,ARI,SDG,-190,170
2017-09-09,0,1,LOS,COL,-225,200
2017-09-09,0,1,CLE,BAL,-170,150
2017-09-09,1,0,TOR,DET,-165,145
2017-09-09,1,0,OAK,HOU,150,-170
2017-09-09,1,0,OAK,HOU,150,-170
2017-09-09,1,0,BOS,TAM,-229,204
2017-09-09,1,1,KAN,MIN,111,-121
2017-09-09,1,0,TEX,NYY,140,-160
2017-09-09,0,0,SEA,LAA,-116,106
2017-09-09,1,0,CWS,SFO,145,-165
2017-09-09,1,1,NYM,CIN,-155,140
2017-09-10,0,1,WAS,PHI,-295,255
2017-09-10,1,1,ATL,MIA,-109,-101
2017-09-10,1,1,STL,PIT,-175,155
2017-09-10,1,1,CUB,MIL,-160,140
2017-09-10,0,1,LOS,COL,-185,165
2017-09-10,0,1,ARI,SDG,-240,210
2017-09-10,1,1,TOR,DET,-200,175
2017-09-10,1,0,CLE,BAL,-170,150
2017-09-10,1,0,BOS,TAM,-145,130
2017-09-10,0,1,KAN,MIN,-121,111
2017-09-10,1,0,TEX,NYY,125,-140
2017-09-10,0,0,OAK,HOU,170,-190
2017-09-10,1,0,SEA,LAA,-119,109
2017-09-10,0,0,CWS,SFO,170,-190
2017-09-10,1,0,MIL,PIT,-160,140
2017-09-11,0,1,ARI,COL,-190,170
2017-09-11,0,1,SFO,LOS,150,-170
2017-09-11,1,0,TOR,BAL,-131,116
2017-09-11,1,1,TAM,NYY,114,-124
2017-09-11,0,0,CLE,DET,-300,260
2017-09-11,1,0,TEX,SEA,-150,135
2017-09-11,1,0,KAN,CWS,-175,155
2017-09-11,0,1,WAS,ATL,-176,156
2017-09-12,0,1,PHI,MIA,112,-122
2017-09-12,1,0,MIL,PIT,-115,105
2017-09-12,1,1,CUB,NYM,-221,196
2017-09-12,1,1,STL,CIN,-185,165
2017-09-12,1,0,ARI,COL,-134,119
2017-09-12,0,1,SFO,LOS,221,-251
2017-09-12,0,1,TOR,BAL,112,-127
2017-09-12,1,0,TAM,NYY,131,-146
2017-09-12,1,1,BOS,OAK,-171,151
2017-09-12,1,1,CLE,DET,-391,336
2017-09-12,1,0,TEX,SEA,-131,116
2017-09-12,0,1,KAN,CWS,-171,151
2017-09-12,1,1,LAA,HOU,117,-132
2017-09-12,0,0,MIN,SDG,-175,155
2017-09-12,1,1,WAS,ATL,-345,300
2017-09-13,0,1,PHI,MIA,-110,100
2017-09-13,1,0,CUB,NYM,-290,255
2017-09-13,1,1,MIL,PIT,-167,147
2017-09-13,1,1,STL,CIN,-165,145
2017-09-13,0,1,ARI,COL,-155,140
2017-09-13,1,1,SFO,LOS,185,-210
2017-09-13,0,1,CLE,DET,-300,260
2017-09-13,1,1,KAN,CWS,-150,135
2017-09-13,0,1,TOR,BAL,-119,109
2017-09-13,0,1,TAM,NYY,-118,108
2017-09-13,0,1,BOS,OAK,-200,175
2017-09-13,0,1,TEX,SEA,-103,-107
2017-09-13,0,1,LAA,HOU,111,-121
2017-09-13,1,0,MIN,SDG,-171,151
2017-09-13,1,1,STL,CIN,-200,175
2017-09-14,1,1,ARI,COL,-165,145
2017-09-14,1,1,WAS,ATL,-180,160
2017-09-14,1,1,PHI,MIA,116,-131
2017-09-14,1,0,CUB,NYM,-215,190
2017-09-14,1,1,DET,CWS,-118,108
2017-09-14,0,1,BOS,OAK,-210,185
2017-09-14,1,1,NYY,BAL,-200,175
2017-09-14,1,1,CLE,KAN,-240,210
2017-09-14,1,0,TEX,SEA,-111,101
2017-09-14,0,1,MIN,TOR,-170,150
2017-09-14,1,1,LAA,HOU,121,-136
2017-09-14,0,1,CUB,STL,-126,111
2017-09-15,1,1,WAS,LOS,116,-131
2017-09-15,0,0,CIN,PIT,-116,106
2017-09-15,1,1,MIA,MIL,-112,102
2017-09-15,0,1,ATL,NYM,-140,125
2017-09-15,1,0,COL,SDG,-190,170
2017-09-15,1,1,SFO,ARI,145,-165
2017-09-15,0,0,NYY,BAL,-245,215
2017-09-15,1,1,TAM,BOS,170,-190
2017-09-15,0,0,DET,CWS,-119,109
2017-09-15,1,1,CLE,KAN,-240,210
2017-09-15,0,1,HOU,SEA,-121,111
2017-09-15,1,1,MIN,TOR,-101,-109
2017-09-15,0,1,LAA,TEX,-153,138
2017-09-15,1,1,PHI,OAK,-121,111
2017-09-15,0,0,WAS,LOS,125,-140
2017-09-16,0,0,CUB,STL,-145,130
2017-09-16,1,1,CIN,PIT,-126,111
2017-09-16,1,1,MIA,MIL,135,-150
2017-09-16,1,1,ATL,NYM,106,-116
2017-09-16,0,0,COL,SDG,-190,170
2017-09-16,1,1,SFO,ARI,130,-145
2017-09-16,0,0,NYY,BAL,-180,160
2017-09-16,1,0,CLE,KAN,-265,230
2017-09-16,1,1,TAM,BOS,-105,-105
2017-09-16,0,1,DET,CWS,-109,-101
2017-09-16,0,1,MIN,TOR,-135,120
2017-09-16,0,1,HOU,SEA,-180,160
2017-09-16,1,1,LAA,TEX,-143,128
2017-09-16,1,0,PHI,OAK,-121,111
2017-09-16,1,0,MIA,MIL,120,-135
2017-09-17,0,1,CIN,PIT,101,-111
2017-09-17,1,1,WAS,LOS,-155,140
2017-09-17,1,0,ATL,NYM,-170,150
2017-09-17,0,1,COL,SDG,-205,180
2017-09-17,0,1,SFO,ARI,140,-155
2017-09-17,1,0,CUB,STL,-140,125
2017-09-17,1,1,NYY,BAL,-185,165
2017-09-17,0,1,TAM,BOS,109,-119
2017-09-17,1,0,DET,CWS,-140,125
2017-09-17,1,0,CLE,KAN,-280,245
2017-09-17,1,1,HOU,SEA,-220,195
2017-09-17,1,1,MIN,TOR,-140,125
2017-09-17,1,1,LAA,TEX,-190,170
2017-09-17,0,1,PHI,OAK,100,-110
2017-09-17,0,0,PHI,LOS,295,-340
2017-09-18,1,0,PIT,MIL,105,-115
2017-09-18,0,1,MIA,NYM,-167,147
2017-09-18,1,1,SDG,ARI,145,-165
2017-09-18,1,1,BAL,BOS,-105,-105
2017-09-18,0,1,NYY,MIN,-170,150
2017-09-18,1,1,DET,OAK,109,-119
2017-09-18,0,0,PHI,LOS,140,-155
2017-09-19,1,0,PIT,MIL,111,-126
2017-09-19,0,1,MIA,NYM,-155,140
2017-09-19,1,1,CIN,STL,-109,-101
2017-09-19,0,1,ATL,WAS,195,-220
2017-09-19,0,0,SDG,ARI,155,-175
2017-09-19,1,0,SFO,COL,-111,101
2017-09-19,1,1,NYY,MIN,-140,125
2017-09-19,1,1,BAL,BOS,100,-110
2017-09-19,0,1,TOR,KAN,-170,150
2017-09-19,1,1,DET,OAK,111,-121
2017-09-19,0,0,HOU,CWS,-205,180
2017-09-19,1,1,LAA,CLE,112,-127
2017-09-19,0,0,SEA,TEX,-163,143
2017-09-19,0,0,TAM,CUB,-105,-105
2017-09-19,0,1,MIA,NYM,-160,140
2017-09-20,1,1,SFO,COL,119,-134
2017-09-20,1,1,PHI,LOS,211,-241
2017-09-20,1,0,PIT,MIL,-108,-102
2017-09-20,1,1,CIN,STL,144,-159
2017-09-20,0,0,ATL,WAS,143,-158
2017-09-20,0,0,SDG,ARI,138,-153
2017-09-20,0,0,NYY,MIN,-285,250
2017-09-20,1,1,DET,OAK,113,-123
2017-09-20,0,0,BAL,BOS,180,-205
2017-09-20,0,0,TOR,KAN,-126,111
2017-09-20,0,1,HOU,CWS,-281,246
2017-09-20,1,1,LAA,CLE,113,-128
2017-09-20,0,0,SEA,TEX,-154,139
2017-09-20,0,0,TAM,CUB,118,-133
2017-09-20,1,1,PHI,LOS,190,-215
2017-09-21,0,0,CIN,STL,125,-140
2017-09-21,0,0,ATL,WAS,120,-135
2017-09-21,1,0,MIL,CUB,116,-131
2017-09-21,0,0,SDG,COL,111,-126
2017-09-21,1,1,BAL,TAM,-123,113
2017-09-21,1,1,TOR,KAN,-160,140
2017-09-21,0,1,DET,MIN,130,-145
2017-09-21,0,1,HOU,CWS,-300,260
2017-09-21,0,1,LAA,CLE,120,-135
2017-09-21,0,0,SEA,TEX,-140,125
2017-09-21,0,0,PIT,STL,140,-155
2017-09-22,0,0,NYM,WAS,-140,125
2017-09-22,1,1,ATL,PHI,-121,111
2017-09-22,1,1,MIL,CUB,111,-121
2017-09-22,0,0,ARI,MIA,-245,215
2017-09-22,1,1,SDG,COL,145,-165
2017-09-22,0,1,LOS,SFO,-230,205
2017-09-22,1,1,BAL,TAM,-106,-104
2017-09-22,0,1,TOR,NYY,140,-155
2017-09-22,1,0,DET,MIN,143,-158
2017-09-22,0,0,HOU,LAA,-170,150
2017-09-22,1,0,CWS,KAN,111,-126
2017-09-22,1,1,OAK,TEX,-129,114
2017-09-22,1,1,SEA,CLE,155,-175
2017-09-22,1,0,CIN,BOS,130,-145
2017-09-22,0,1,PIT,STL,111,-126
2017-09-23,1,1,ATL,PHI,-175,155
2017-09-23,1,1,NYM,WAS,186,-211
2017-09-23,0,0,MIL,CUB,125,-140
2017-09-23,1,0,ARI,MIA,-176,156
2017-09-23,0,0,SDG,COL,105,-115
2017-09-23,1,1,LOS,SFO,101,-111
2017-09-23,0,1,TOR,NYY,155,-175
2017-09-23,0,0,SEA,CLE,175,-200
2017-09-23,0,0,BAL,TAM,-105,-105
2017-09-23,0,1,DET,MIN,156,-176
2017-09-23,0,0,CWS,KAN,151,-171
2017-09-23,0,0,HOU,LAA,-165,145
2017-09-23,1,0,OAK,TEX,-131,116
2017-09-23,1,1,CIN,BOS,125,-140
2017-09-23,0,1,NYM,WAS,155,-175
2017-09-24,0,0,ATL,PHI,-131,116
2017-09-24,0,0,PIT,STL,111,-121
2017-09-24,1,0,MIL,CUB,111,-126
2017-09-24,0,0,LOS,SFO,-300,260
2017-09-24,1,1,ARI,MIA,-185,165
2017-09-24,1,1,SDG,COL,120,-135
2017-09-24,0,1,TOR,NYY,-150,135
2017-09-24,1,0,DET,MIN,150,-170
2017-09-24,0,0,BAL,TAM,103,-113
2017-09-24,1,1,HOU,LAA,-160,140
2017-09-24,0,1,CWS,KAN,101,-111
2017-09-24,1,1,OAK,TEX,-116,106
2017-09-24,1,1,SEA,CLE,195,-220
2017-09-24,0,0,CIN,BOS,125,-140
2017-09-24,0,1,NYM,ATL,-115,105
2017-09-25,0,1,PHI,WAS,-115,105
2017-09-25,0,1,NYM,ATL,-131,116
2017-09-25,1,1,STL,CUB,-126,111
2017-09-25,0,1,COL,MIA,-165,145
2017-09-25,0,1,ARI,SFO,-119,109
2017-09-25,0,1,LOS,SDG,-270,235
2017-09-25,1,1,NYY,KAN,-170,150
2017-09-25,1,1,BOS,TOR,-210,185
2017-09-25,0,1,TEX,HOU,114,-129
2017-09-25,0,1,CWS,LAA,135,-150
2017-09-25,1,0,OAK,SEA,111,-126
2017-09-25,0,1,PHI,WAS,135,-150
2017-09-26,1,0,NYM,ATL,-105,-105
2017-09-26,1,1,MIL,CIN,-195,175
2017-09-26,1,1,STL,CUB,-108,-102
2017-09-26,1,1,COL,MIA,-155,140
2017-09-26,1,1,ARI,SFO,-220,195
2017-09-26,1,1,LOS,SDG,-235,205
2017-09-26,1,1,NYY,TAM,-160,140
2017-09-26,1,1,CLE,MIN,-205,180
2017-09-26,0,1,BOS,TOR,-235,205
2017-09-26,0,1,TEX,HOU,119,-134
2017-09-26,0,0,CWS,LAA,145,-165
2017-09-26,0,0,KAN,DET,-180,160
2017-09-26,1,1,OAK,SEA,111,-121
2017-09-26,0,0,PIT,BAL,113,-123
2017-09-26,1,0,COL,MIA,-185,165
2017-09-27,1,1,ARI,SFO,-150,135
2017-09-27,1,1,PHI,WAS,145,-165
2017-09-27,1,0,NYM,ATL,-116,106
2017-09-27,1,1,MIL,CIN,-170,150
2017-09-27,0,1,STL,CUB,-105,-105
2017-09-27,0,0,LOS,SDG,-205,180
2017-09-27,1,1,TEX,HOU,170,-190
2017-09-27,0,0,OAK,SEA,-121,111
2017-09-27,1,0,NYY,TAM,-270,235
2017-09-27,1,1,CLE,MIN,-165,145
2017-09-27,1,1,BOS,TOR,-175,155
2017-09-27,1,0,CWS,LAA,165,-185
2017-09-27,1,0,KAN,DET,-181,161
2017-09-27,1,1,PIT,BAL,-120,110
2017-09-27,1,0,MIL,CIN,-165,145
2017-09-28,1,1,WAS,PIT,-150,135
2017-09-28,1,0,MIA,ATL,105,-115
2017-09-28,1,1,STL,CUB,-187,167
2017-09-28,0,0,CLE,MIN,-275,240
2017-09-28,1,1,NYY,TAM,-195,175
2017-09-28,0,1,BOS,HOU,-113,103
2017-09-28,0,1,TEX,OAK,105,-115
2017-09-28,0,1,CWS,LAA,106,-116
2017-09-28,1,1,KAN,DET,-195,175
2017-09-28,0,1,CUB,CIN,-185,165
2017-09-29,1,1,WAS,PIT,-190,170
2017-09-29,1,1,PHI,NYM,-135,120
2017-09-29,1,1,MIA,ATL,-150,135
2017-09-29,1,1,COL,LOS,-101,-109
2017-09-29,1,0,STL,MIL,123,-138
2017-09-29,0,0,SFO,SDG,-135,120
2017-09-29,1,0,NYY,TOR,-235,205
2017-09-29,1,1,TAM,BAL,-156,141
2017-09-29,1,0,CLE,CWS,-290,255
2017-09-29,1,1,BOS,HOU,102,-112
2017-09-29,0,1,TEX,OAK,-115,105
2017-09-29,1,1,MIN,DET,-175,155
2017-09-29,1,1,LAA,SEA,-165,145
2017-09-29,1,1,KAN,ARI,130,-145
2017-09-29,1,0,CUB,CIN,-215,190
2017-09-30,1,1,SFO,SDG,100,-110
2017-09-30,0,0,STL,MIL,-150,135
2017-09-30,1,0,WAS,PIT,-240,210
2017-09-30,0,1,PHI,NYM,130,-145
2017-09-30,0,1,MIA,ATL,-123,113
2017-09-30,1,1,COL,LOS,165,-185
2017-09-30,0,0,NYY,TOR,-165,145
2017-09-30,1,0,TAM,BAL,-175,155
2017-09-30,1,0,BOS,HOU,-105,-105
2017-09-30,1,1,CLE,CWS,-300,260
2017-09-30,0,1,MIN,DET,-155,140
2017-09-30,0,1,TEX,OAK,-135,120
2017-09-30,1,1,LAA,SEA,-135,120
2017-09-30,0,1,KAN,ARI,104,-114
2017-09-30,1,0,WAS,PIT,-165,145
2017-10-01,0,1,PHI,NYM,-115,105
2017-10-01,1,1,SFO,SDG,-140,125
2017-10-01,1,0,MIA,ATL,-150,135
2017-10-01,0,1,COL,LOS,120,-135
2017-10-01,0,0,STL,MIL,-150,135
2017-10-01,0,1,CUB,CIN,-180,160
2017-10-01,0,0,BOS,HOU,135,-150
2017-10-01,0,1,TEX,OAK,-145,130
2017-10-01,0,1,NYY,TOR,-155,140
2017-10-01,0,0,LAA,SEA,105,-115
2017-10-01,1,0,MIN,DET,-150,135
2017-10-01,1,0,TAM,BAL,-121,111
2017-10-01,1,0,CLE,CWS,-195,175
2017-10-01,1,1,KAN,ARI,120,-135
